﻿<?xml version="1.0" encoding="utf-8"?>
<Window size="1000,618" sizebox="2,2,5,5" mininfo="1000,618" caption="0,0,0,-1"> <!--roundcorner="5,5" showshadow="true" shadowcolor="#000000" shadowdarkness="10" shadowsize="3" shadowposition="10,10"-->
	<Font id="0" name="微軟雅黑" size="16" bold="true" />
	<Font id="1" name="宋體" size="12" default="true" />
	<Font id="2" name="微軟雅黑" size="16" bold="true" />
	<Font id="3" name="微軟雅黑" size="13" />
	<Default name="VScrollBar" shared="true" value="button1normalimage=&quot;file='scrollbar.png' source='16,32,32,48' mask='#FFFF00FF'&quot; button1hotimage=&quot;file='scrollbar.png' source='32,32,48,48' mask='#FFFF00FF'&quot; button1pushedimage=&quot;file='scrollbar.png' source='48,32,64,48' mask='#FFFF00FF'&quot; button1disabledimage=&quot;file='scrollbar.png' source='0,32,16,48' mask='#FFFF00FF'&quot; button2normalimage=&quot;file='scrollbar.png' source='16,48,32,64' mask='#FFFF00FF'&quot; button2hotimage=&quot;file='scrollbar.png' source='32,48,48,64' mask='#FFFF00FF'&quot; button2pushedimage=&quot;file='scrollbar.png' source='48,48,64,64' mask='#FFFF00FF'&quot; button2disabledimage=&quot;file='scrollbar.png' source='0,48,16,64' mask='#FFFF00FF'&quot; thumbnormalimage=&quot;file='scrollbar.png' source='16,64,32,80' corner='4,4,4,4' mask='#FFFF00FF'&quot; thumbhotimage=&quot;file='scrollbar.png' source='32,64,48,80' corner='4,4,4,4' mask='#FFFF00FF'&quot; thumbpushedimage=&quot;file='scrollbar.png' source='48,64,64,80' corner='4,4,4,4' mask='#FFFF00FF'&quot; thumbdisabledimage=&quot;file='scrollbar.png' source='0,64,16,80' corner='4,4,4,4' mask='#FFFF00FF'&quot;" />
	<Default name="HScrollBar" shared="true" value="button1normalimage=&quot;file='scrollbar.png' source='16,0,32,16' mask='#FFFF00FF'&quot; button1hotimage=&quot;file='scrollbar.png' source='32,0,48,16' mask='#FFFF00FF'&quot; button1pushedimage=&quot;file='scrollbar.png' source='48,0,64,16' mask='#FFFF00FF'&quot; button1disabledimage=&quot;file='scrollbar.png' source='0,0,16,16' mask='#FFFF00FF'&quot; button2normalimage=&quot;file='scrollbar.png' source='16,16,32,32' mask='#FFFF00FF'&quot; button2hotimage=&quot;file='scrollbar.png' source='32,16,48,32' mask='#FFFF00FF'&quot; button2pushedimage=&quot;file='scrollbar.png' source='48,16,64,32' mask='#FFFF00FF'&quot; button2disabledimage=&quot;file='scrollbar.png' source='0,16,16,32' mask='#FFFF00FF'&quot; thumbnormalimage=&quot;file='scrollbar.png' source='16,64,32,80' corner='4,4,4,4' mask='#FFFF00FF'&quot; thumbhotimage=&quot;file='scrollbar.png' source='32,64,48,80' corner='4,4,4,4' mask='#FFFF00FF'&quot; thumbpushedimage=&quot;file='scrollbar.png' source='48,64,64,80' corner='4,4,4,4' mask='#FFFF00FF'&quot; thumbdisabledimage=&quot;file='scrollbar.png' source='0,64,16,80' corner='4,4,4,4' mask='#FFFF00FF'&quot;" />
	<Style name="x_edit" value="bkcolor=&quot;#FFFFFFFF&quot; textcolor=&quot;#FF000000&quot; textpadding=&quot;4,4,4,4&quot; height=&quot;24&quot;" />
	<Style name="x_richedit" value="bkcolor=&quot;#FFFFFFFF&quot; textcolor=&quot;#FF000000&quot; textpadding=&quot;4,4,4,4&quot; vscrollbar=&quot;true&quot;" />
	<Style name="x_list" value="vscrollbar=&quot;true&quot; hscrollbar=&quot;true&quot; bordersize=&quot;1&quot; bordercolor=&quot;#FF808080&quot; padding=&quot;15,15,15,15&quot; inset=&quot;1,1,1,1&quot; itembkcolor=&quot;#22000000&quot; itemaltbk=&quot;true&quot; headerbkimage=&quot;file='list_bg.jpg' source='0,0,60,24'&quot; itemhotimage=&quot;file='list_bg.jpg' source='0,25,60,41'&quot; itemselectedimage=&quot;file='list_bg.jpg' source='0,42,60,58'&quot;"/>
	<Style name="x_list_hdr" value="height=&quot;24&quot; sepimage=&quot;list_sep.png&quot; sepwidth=&quot;2&quot;"/>
	<Style name="x_checkbox" value="normalimage=&quot;file='selbox.png' source='0,15,15,30' dest='0,0,15,15'&quot; hotimage=&quot;file='selbox.png' source='15,15,30,30' dest='0,0,15,15'&quot; pushedimage=&quot;file='selbox.png' source='30,15,45,30' dest='0,0,15,15'&quot; selectedimage=&quot;file='selbox.png' source='45,15,60,30' dest='0,0,15,15'&quot; selectedhotimage=&quot;file='selbox.png' source='60,15,75,30' dest='0,0,15,15'&quot; selectedpushedimage=&quot;file='selbox.png' source='75,15,90,30' dest='0,0,15,15'&quot;" />
	<Style name="x_radio" value="normalimage=&quot;file='selbox.png' source='0,0,15,15' dest='0,0,15,15'&quot; hotimage=&quot;file='selbox.png' source='15,0,30,15' dest='0,0,15,15'&quot; pushedimage=&quot;file='selbox.png' source='30,0,45,15' dest='0,0,15,15'&quot; selectedimage=&quot;file='selbox.png' source='45,0,60,15' dest='0,0,15,15'&quot; selectedhotimage=&quot;file='selbox.png' source='60,0,75,15' dest='0,0,15,15'&quot; selectedpushedimage=&quot;file='selbox.png' source='75,0,90,15' dest='0,0,15,15'&quot;" />
	<Style name="x_combo" value="height=&quot;24&quot; normalimage=&quot;file='scrollbar.png' source='32,48,48,64' dest='-20,4,-4,20'&quot; bkcolor=&quot;#FF808080&quot; textcolor=&quot;#FFFFFFFF&quot; textpadding=&quot;6,6,24,5&quot; itemtextpadding=&quot;4,4,4,3&quot; itemendellipsis=&quot;true&quot;" />
	<Style name="x_button" value="height=&quot;24&quot; width=&quot;80&quot; bkcolor=&quot;#FF808080&quot; textcolor=&quot;#FFFFFFFF&quot; hotbkcolor=&quot;#FF606060&quot; pushedbkcolor=&quot;#FFA0A0A0&quot;" />
	<Style name="x_ver_sep" value="sepimm=&quot;true&quot; inset=&quot;0,0,0,5&quot; sepheight=&quot;5&quot;" />
	<Style name="x_hor_sep" value="sepimm=&quot;true&quot; inset=&quot;0,0,5,0&quot; sepwidth=&quot;5&quot;" />
	<!--<Style name="x_group" value="height=&quot;24&quot; padding=&quot;0,30,0,10&quot;" />
	<Style name="x_group_img" value="width=&quot;16&quot; height=&quot;16&quot; padding=&quot;10,5,4,3&quot;" />
	<Style name="x_group_text" value="height=&quot;24&quot; textcolor=&quot;#FFFFFFFF&quot; font=&quot;2&quot; textpadding=&quot;2,2,2,2&quot; align=&quot;left&quot;" />-->
	<Style name="x_item1" value="height=&quot;24&quot; textcolor=&quot;#FFFFFFFF&quot; font=&quot;2&quot; textpadding=&quot;32,4,15,4&quot; align=&quot;left&quot; padding=&quot;0,10,0,10&quot; cursor=&quot;hand&quot;" />
	<Style name="x_item2" value="height=&quot;40&quot; textcolor=&quot;#FFDDDDDD&quot; font=&quot;3&quot; textpadding=&quot;32,11,15,11&quot; align=&quot;left&quot; cursor=&quot;hand&quot; selectedbkcolor=&quot;#FFDDDDDD&quot; group=&quot;menupage&quot; selectedtextcolor=&quot;#FF000000&quot;" />
	<Style name="x_link" value="cursor=&quot;hand&quot; textcolor=&quot;#FF000000&quot; hottextcolor=&quot;#FF0000FF&quot;" />
	<HorizontalLayout bkcolor="#FF808080">
		<!-- 左侧菜单区域 -->
		<VerticalLayout width="200">
			<HorizontalLayout height="40">
				<Container bkimage="file='logo.png'" padding="4,4,4,4" width="32" height="32" />
				<Text name="text_caption" text="易大師網絡工具箱" textcolor="#FFFFFFFF" font="0" height="24" padding="8,8,8,8" />
			</HorizontalLayout>
			<VerticalLayout padding="0,0,0,15" vscrollbar="true">
				<Option name="group0" text="本地網絡" style="x_item1" bkimage="file='qb0.png' dest='10,4,26,20'" textcolor="#FFFFFFB0" selected="true" />
				<VerticalLayout name="group_item0" height="120">
					<Option style="x_item2" name="tab0_0" text="本機信息" selected="true" />
					<Option style="x_item2" name="tab0_1" text="本機網絡" />
					<Option style="x_item2" name="tab0_2" text="網絡連接" />
				</VerticalLayout>
				<Option name="group3" text="網絡工具" style="x_item1" bkimage="file='qb3.png' dest='10,4,26,20'" />
				<VerticalLayout name="group_item3" height="120" visible="false">
					<Option style="x_item2" name="tab3_0" text="路由跟蹤" />
					<Option style="x_item2" name="tab3_1" text="HTTP請求" />
					<Option style="x_item2" name="tab3_2" text="QPS測試" />
					<!--<Option style="x_item2" name="tab3_3" text="IP段掃描" />-->
				</VerticalLayout>
				<Option name="group4" text="格式工具" style="x_item1" bkimage="file='qb4.png' dest='10,4,26,20'" />
				<VerticalLayout name="group_item4" height="120" visible="false">
					<Option style="x_item2" name="tab4_0" text="正則表達式" />
					<Option style="x_item2" name="tab4_1" text="RSA生成" />
					<Option style="x_item2" name="tab4_2" text="轉碼解碼" />
				</VerticalLayout>
				<Option name="group5" text="單機工具" style="x_item1" bkimage="file='qb5.png' dest='10,4,26,20'" />
				<VerticalLayout name="group_item5" height="200" visible="false">
					<Option style="x_item2" name="tab5_0" text="GIF錄製" />
					<Option style="x_item2" name="tab5_1" text="串口調試工具" />
					<Option style="x_item2" name="tab5_2" text="窗口工具" />
					<Option style="x_item2" name="tab5_3" text="文件工具" />
					<Option style="x_item2" name="tab5_4" text="二維碼生成" />
					<!--<Option style="x_item2" name="tab5_4" text="屏幕錄像" />-->
				</VerticalLayout>
				<Option name="group6" text="其他" style="x_item1" bkimage="file='qb6.png' dest='10,4,26,20'" />
				<VerticalLayout name="group_item6" height="40" visible="false">
					<Option style="x_item2" name="tab6_0" text="關於" />
				</VerticalLayout>
			</VerticalLayout>
		</VerticalLayout>
		<!-- 右侧内容区域 -->
		<VerticalLayout bkcolor="#FFDDDDDD" inset="0,-1,0,0">
			<HorizontalLayout height="40">
				<Text name="text_caption2" text="Alpha" textcolor="#FF808080" font="0" height="24" padding="8,8,8,8" />
				<HorizontalLayout width="138" height="30"><!--121-->
					<!--<Button name="btn_set" width="28" normalimage="file='CtrlButton.png' source='0,80,28,100'" hotimage="file='CtrlButton.png' source='28,80,56,100'" pushedimage="file='CtrlButton.png' source='56,80,84,100'" />-->
					<Button name="minbtn" width="46" normalimage="file='CtrlButton.png' source='0,0,46,30'" hotimage="file='CtrlButton.png' source='46,0,92,30'" pushedimage="file='CtrlButton.png' source='92,0,137,30'" />
					<Button name="maxbtn" width="46" normalimage="file='CtrlButton.png' source='0,30,46,60'" hotimage="file='CtrlButton.png' source='46,30,92,60'" pushedimage="file='CtrlButton.png' source='92,30,137,60'" />
					<Button name="restorebtn" width="46" normalimage="file='CtrlButton.png' source='0,60,46,90'" hotimage="file='CtrlButton.png' source='46,60,92,90'" pushedimage="file='CtrlButton.png' source='92,60,137,90'" visible="false" />
					<Button name="closebtn" width="46" normalimage="file='CtrlButton.png' source='0,90,46,120'" hotimage="file='CtrlButton.png' source='46,90,92,120'" pushedimage="file='CtrlButton.png' source='92,90,137,120'" />
				</HorizontalLayout>
			</HorizontalLayout>
			<TabLayout name="tabM">
				<!-- 本地网络 -->
				<TabLayout name="tab0">
					<!-- 本机信息 -->
					<VerticalLayout>
						<HorizontalLayout height="24" width="600" padding="50,50,50,0">
							<Text text="電腦品牌：" padding="0,4,10,0" />
							<Edit name="sysinfo_trademark" style="x_edit" width="400" />
						</HorizontalLayout>
						<HorizontalLayout height="24" width="600" padding="50,15,50,0">
							<Text text="系統版本：" padding="0,4,10,0" />
							<Edit name="sysinfo_version" style="x_edit" width="400" />
						</HorizontalLayout>
						<HorizontalLayout height="24" width="600" padding="50,15,50,0">
							<Text text="CPU信息：" padding="0,4,10,0" />
							<Edit name="sysinfo_cpu1" style="x_edit" width="400" />
						</HorizontalLayout>
						<HorizontalLayout height="24" width="600" padding="50,5,50,0">
							<Text padding="0,4,10,0" />
							<Edit name="sysinfo_cpu2" style="x_edit" width="400" />
						</HorizontalLayout>
						<HorizontalLayout height="24" width="600" padding="50,15,50,0">
							<Text text="內存信息：" padding="0,4,10,0" />
							<Edit name="sysinfo_mem" style="x_edit" width="400" />
						</HorizontalLayout>
						<HorizontalLayout height="24" width="600" padding="50,50,50,0">
							<Text text="BIOS ID：" padding="0,4,10,0" />
							<Edit name="sysinfo_bios_id" style="x_edit" width="400" />
						</HorizontalLayout>
						<HorizontalLayout height="24" width="600" padding="50,15,50,0">
							<Text text="CPU ID：" padding="0,4,10,0" />
							<Edit name="sysinfo_cpu_id" style="x_edit" width="400" />
						</HorizontalLayout>
						<HorizontalLayout height="24" width="600" padding="50,15,50,0">
							<Text text="磁盤ID：" padding="0,4,10,0" />
							<Edit name="sysinfo_disk_id" style="x_edit" width="400" />
						</HorizontalLayout>
						<HorizontalLayout height="24" width="600" padding="50,15,50,0">
							<Text text="主板ID：" padding="0,4,10,0" />
							<Edit name="sysinfo_mainboard_id" style="x_edit" width="400" />
						</HorizontalLayout>
						<HorizontalLayout height="24" width="600" padding="50,15,50,0">
							<Text text="網卡MAC：" padding="0,4,10,0" />
							<Edit name="sysinfo_netcard_mac" style="x_edit" width="400" />
						</HorizontalLayout>
						<HorizontalLayout height="24" width="600" padding="50,15,50,0">
							<Text text="網卡ID：" padding="0,4,10,0" />
							<Edit name="sysinfo_netcard_id" style="x_edit" width="400" />
						</HorizontalLayout>
					</VerticalLayout>
					<!-- 本机网络 -->
					<VerticalLayout>
						<List name="localnet_list" style="x_list">
							<ListHeader>
								<ListHeaderItem style="x_list_hdr" width="30" />
								<ListHeaderItem style="x_list_hdr" width="390" text="網絡名稱" />
								<ListHeaderItem style="x_list_hdr" width="120" text="本機IP" />
								<ListHeaderItem style="x_list_hdr" width="120" text="網關IP" />
								<ListHeaderItem style="x_list_hdr" width="80" text="DHCP" />
							</ListHeader>
						</List>
					</VerticalLayout>
					<!-- 网络连接 -->
					<VerticalLayout>
						<HorizontalLayout padding="0,15,0,0" height="15">
							<Option style="x_radio" width="114" height="15" group="encdec_codec" padding="30,0,0,0" name="localnet_tcplisten" text="TCP正在監聽" selected="true" />
							<Option style="x_radio" width="100" height="15" group="encdec_codec" padding="30,0,0,0" name="localnet_tcpconn" text="TCP已連接" />
							<Option style="x_radio" width="60" height="15" group="encdec_codec" padding="30,0,0,0" name="localnet_udp" text="UDP" />
						</HorizontalLayout>
						<List name="localnet_connection" style="x_list" menu="true">
							<ListHeader>
								<ListHeaderItem style="x_list_hdr" width="30" />
								<ListHeaderItem style="x_list_hdr" width="180" text="本地地址" />
								<ListHeaderItem style="x_list_hdr" width="60" text="本地端口" />
								<ListHeaderItem style="x_list_hdr" width="180" text="遠程地址" />
								<ListHeaderItem style="x_list_hdr" width="60" text="遠程端口" />
								<ListHeaderItem style="x_list_hdr" width="60" text="進程PID" />
								<ListHeaderItem style="x_list_hdr" width="180" text="進程名稱" />
							</ListHeader>
						</List>
					</VerticalLayout>
				</TabLayout>
				<!-- SSH -->
				<TabLayout name="tab1">
					<!-- 远程SSH -->
					<VerticalLayout>
						<Text text="暂未实现，敬请期待" align="center" valign="vcenter" />
					</VerticalLayout>
					<!-- 故障急救 -->
					<VerticalLayout>
						<Text text="暂未实现，敬请期待" align="center" valign="vcenter" />
					</VerticalLayout>
					<!-- 软件管理 -->
					<VerticalLayout>
						<Text text="暂未实现，敬请期待" align="center" valign="vcenter" />
					</VerticalLayout>
				</TabLayout>
				<!-- 数据库 -->
				<TabLayout name="tab2">
					<!-- 对象 -->
					<VerticalLayout>
						<Text text="暂未实现，敬请期待" align="center" valign="vcenter" />
					</VerticalLayout>
				</TabLayout>
				<!-- 网络工具 -->
				<TabLayout name="tab3">
					<!-- 路由跟踪 -->
					<VerticalLayout>
						<HorizontalLayout height="35">
							<Text padding="15,18,20,0" text="輸入目標IP地址或域名：" autocalcwidth="true" />
							<Edit name="tracert_addr" width="240" padding="0,13,0,0" style="x_edit" tipvalue="nettoolbox.fawdlstty.com" />
							<Button name="tracert_begin" text="開始" style="x_button" padding="20,13,0,0" />
							<Text padding="45,18,20,0" text="通過最多30個躍點跟蹤。" autocalcwidth="true" />
						</HorizontalLayout>
						<HorizontalLayout>
							<List name="tracert_list" style="x_list">
								<ListHeader>
									<ListHeaderItem style="x_list_hdr" width="30" />
									<ListHeaderItem style="x_list_hdr" width="50" text="TTL" />
									<ListHeaderItem style="x_list_hdr" width="100" text="延遲1" />
									<ListHeaderItem style="x_list_hdr" width="100" text="延遲2" />
									<ListHeaderItem style="x_list_hdr" width="100" text="延遲3" />
									<ListHeaderItem style="x_list_hdr" width="180" text="IP地址" />
								</ListHeader>
							</List>
						</HorizontalLayout>
					</VerticalLayout>
					<!-- HTTP请求 -->
					<VerticalLayout>
						<HorizontalLayout height="25" padding="15,15,15,0">
							<Combo name="http_type" style="x_combo" width="80" dropboxsize="0,42">
								<ListLabelElement text="POST" selected="true" />
								<ListLabelElement text="GET" />
							</Combo>
							<Text text="請求地址：" autocalcwidth="true" padding="15,7,0,0" />
							<Edit name="http_url" padding="15,3,15,0" style="x_edit" tipvalue="http://localhost" />
							<Button name="http_begin" text="請求" style="x_button" />
						</HorizontalLayout>
						<VerticalLayout style="x_ver_sep" minheight="80" maxheight="500">
							<HorizontalLayout padding="15,15,15,0">
								<VerticalLayout width="80">
									<Text text="Post Data：" autocalcwidth="true" height="20" />
									<Button name="http_change" text="切換內容" style="x_button" />
								</VerticalLayout>
								<TabLayout name="http_postdata_tab">
									<List name="http_postdata_list" style="x_list" padding="15,0,0,0" fixedscrollbar="true">
										<ListHeader name="http_postdata_list1">
											<ListHeaderItem style="x_list_hdr" text="鍵" />
											<ListHeaderItem style="x_list_hdr" text="值" />
											<ListHeaderItem style="x_list_hdr" text="操作" width="96" />
										</ListHeader>
									</List>
									<RichEdit name="http_postdata_src" padding="15,0,0,0" style="x_richedit" text="a=b&amp;c=d" />
								</TabLayout>
							</HorizontalLayout>
						</VerticalLayout>
						<RichEdit name="http_content" readonly="true" padding="15,15,15,15" style="x_richedit" />
					</VerticalLayout>
					<!-- QPS测试 -->
					<VerticalLayout>
						<HorizontalLayout height="25" padding="15,15,15,0">
							<Combo name="qps_type" style="x_combo" width="80" dropboxsize="0,42">
								<ListLabelElement text="POST" selected="true" />
								<ListLabelElement text="GET" />
							</Combo>
							<Text text="線程數：" autocalcwidth="true" padding="15,7,0,0" />
							<Edit name="qps_thread_num" padding="15,3,0,0" style="x_edit" text="10" width="60" numberonly="true" />
							<Text text="請求地址：" autocalcwidth="true" padding="15,7,0,0" />
							<Edit name="qps_url" padding="15,3,15,0" style="x_edit" tipvalue="http://localhost" />
							<Button name="qps_begin" text="開始" style="x_button" />
							<Button name="qps_stop" text="停止" style="x_button" visible="false" />
						</HorizontalLayout>
						<VerticalLayout style="x_ver_sep" minheight="80" maxheight="500">
							<HorizontalLayout padding="15,15,15,0">
								<VerticalLayout width="80">
									<Text text="Post Data：" autocalcwidth="true" height="20" />
									<Button name="qps_change" text="切換內容" style="x_button" />
								</VerticalLayout>
								<TabLayout name="qps_postdata_tab">
									<List name="qps_postdata_list" style="x_list" padding="15,0,0,0" fixedscrollbar="true">
										<ListHeader>
											<ListHeaderItem style="x_list_hdr" text="鍵" />
											<ListHeaderItem style="x_list_hdr" text="值" />
											<ListHeaderItem style="x_list_hdr" text="操作" width="96" />
										</ListHeader>
									</List>
									<RichEdit name="qps_postdata_src" padding="15,0,0,0" style="x_richedit" text="a=b&amp;c=d" />
								</TabLayout>
							</HorizontalLayout>
						</VerticalLayout>
						<RichEdit name="qps_content" readonly="true" padding="15,15,15,15" style="x_richedit" />
					</VerticalLayout>
					<!-- IP段扫描 -->
					<VerticalLayout>
						<HorizontalLayout height="35">
							<Text padding="15,18,0,0" text="輸入IP段：" autocalcwidth="true" />
							<Edit name="ipscan_ip1" width="150" padding="0,13,0,0" style="x_edit" />
							<Text padding="10,18,10,0" text="-" autocalcwidth="true" />
							<Edit name="ipscan_ip2" width="150" padding="0,13,0,0" style="x_edit" />
							<Button name="ipscan_start" text="掃描" style="x_button" padding="10,13,0,0" />
						</HorizontalLayout>
						<HorizontalLayout>
							<List name="ipscan_list" style="x_list">
								<ListHeader>
									<ListHeaderItem style="x_list_hdr" width="30" />
									<ListHeaderItem style="x_list_hdr" width="100" text="IP地址" />
									<ListHeaderItem style="x_list_hdr" width="100" text="工作組" />
									<ListHeaderItem style="x_list_hdr" width="100" text="主機" />
									<ListHeaderItem style="x_list_hdr" width="100" text="用戶/其他" />
									<ListHeaderItem style="x_list_hdr" width="100" text="MAC地址" />
								</ListHeader>
							</List>
						</HorizontalLayout>
						<Text text="注意：不支持或禁用 NetBIOS 服務的終端設備將不會顯示在列表中。" padding="15,0,0,15" height="13" />
					</VerticalLayout>
					<!-- Whois查询 -->
					<VerticalLayout>
						<Text text="暂未实现，敬请期待" align="center" valign="vcenter" />
					</VerticalLayout>
					<!-- HTTP抓包 -->
					<VerticalLayout>
						<Text text="暂未实现，敬请期待" align="center" valign="vcenter" />
					</VerticalLayout>
					<!-- HTTP服务 -->
					<VerticalLayout>
						<Text text="暂未实现，敬请期待" align="center" valign="vcenter" />
					</VerticalLayout>
					<!-- FTP客户端 -->
					<VerticalLayout>
						<Text text="暂未实现，敬请期待" align="center" valign="vcenter" />
					</VerticalLayout>
					<!-- 远程协助 -->
					<VerticalLayout>
						<Text text="暂未实现，敬请期待" align="center" valign="vcenter" />
					</VerticalLayout>
				</TabLayout>
				<!-- 格式工具 -->
				<TabLayout name="tab4">
					<!-- 正则工具 -->
					<VerticalLayout>
						<VerticalLayout style="x_ver_sep" height="70" minheight="70" maxheight="500" padding="15,3,15,5">
							<HorizontalLayout height="24" padding="0,0,0,5">
								<Text text="正則表達式：" height="12" padding="0,12,0,0" width="100" />
								<Combo name="regex_combo_net" style="x_combo" text="網絡類" width="100" dropboxsize="0,102" padding="15,0,0,0">
									<ListLabelElement text="IPv4" />
									<ListLabelElement text="IPv6" />
									<ListLabelElement text="URL" />
									<ListLabelElement text="域名" />
									<ListLabelElement text="電子郵箱" />
								</Combo>
								<Combo name="regex_combo_format" style="x_combo" text="格式類" width="100" dropboxsize="0,122" padding="15,0,0,0">
									<ListLabelElement text="身份證號" />
									<ListLabelElement text="手機" />
									<ListLabelElement text="日期" />
									<ListLabelElement text="時間" />
									<ListLabelElement text="金額" />
									<ListLabelElement text="郵編" />
									<!--<ListLabelElement text="簡體字(GB18030)" />-->
								</Combo>
							</HorizontalLayout>
							<RichEdit name="regex_statement" style="x_richedit" />
						</VerticalLayout>
						<VerticalLayout style="x_ver_sep" height="140" minheight="70" maxheight="800" padding="15,15,15,10">
							<Text text="待匹配內容：" height="12" padding="0,0,0,5" />
							<RichEdit name="regex_content" style="x_richedit" />
						</VerticalLayout>
						<VerticalLayout padding="15,0,15,15">
							<HorizontalLayout height="25" padding="0,0,0,5">
								<Text text="匹配結果：" height="12" padding="0,13,0,0" />
								<Button name="regex_match" text="匹配" style="x_button" />
							</HorizontalLayout>
							<RichEdit name="regex_result" style="x_richedit" />
						</VerticalLayout>
					</VerticalLayout>
					<!-- RSA生成 -->
					<VerticalLayout>
						<HorizontalLayout padding="15,15,15,0" height="24">
							<Text text ="位数" width="50" padding="0,6,10,6" />
							<Combo name="rsa_gensize" style="x_combo" width="200" dropboxsize="0,122">
								<ListLabelElement text="256" />
								<ListLabelElement text="512" />
								<ListLabelElement text="768" />
								<ListLabelElement text="1024" />
								<ListLabelElement text="2048" selected="true" />
								<ListLabelElement text="4096" />
							</Combo>
						</HorizontalLayout>
						<HorizontalLayout padding="15,15,15,0" height="70">
							<Option name="rsa_selevp_pubkey" style="x_radio" width="24" height="24" group="rsa_pubtype" selected="true" />
							<Text text ="EVP公鑰（預覽）：{\n}BEGIN PUBLIC KEY{\n}...{\n}END PUBLIC KEY{\n}生成地址：" />
						</HorizontalLayout>
						<Edit name="rsa_evp_pubkey" style="x_edit" padding="15,5,15,0" width="700" />
						<HorizontalLayout padding="15,15,15,0" height="70">
							<Option name="rsa_selrsa_pubkey" style="x_radio" width="24" height="24" group="rsa_pubtype" />
							<Text text ="RSA公鑰（預覽）：{\n}BEGIN RSA PUBLIC KEY{\n}...{\n}END RSA PUBLIC KEY{\n}生成地址：" />
						</HorizontalLayout>
						<Edit name="rsa_rsa_pubkey" style="x_edit" padding="15,5,15,0" width="700" enabled="false" />
						<Text text ="RSA私鑰（預覽）：{\n}BEGIN RSA PRIVATE KEY{\n}...{\n}END RSA PRIVATE KEY{\n}生成地址：" padding="39,15,15,0" height="70" />
						<Edit name="rsa_rsa_prvkey" style="x_edit" padding="15,5,15,0" width="700" />
						<Button name="rsa_generate" text="生成" style="x_button" padding="15,10,15,0" />
					</VerticalLayout>
					<!-- 转码解码 -->
					<VerticalLayout>
						<VerticalLayout style="x_ver_sep" minheight="70" maxheight="500" padding="15,15,15,0">
							<Text text="待處理字符串：" height="12" padding="0,0,0,5" />
							<RichEdit name="encdec_data" style="x_richedit" />
						</VerticalLayout>
						<VerticalLayout padding="15,5,15,15">
							<HorizontalLayout height="25" padding="0,0,0,5">
								<Text text="percent 編碼/解碼：" height="12" padding="0,13,0,0" />
								<Button name="encdec_enc" text="編碼" style="x_button" padding="0,0,15,0" />
								<Button name="encdec_dec" text="解碼" style="x_button" />
							</HorizontalLayout>
							<RichEdit name="encdec_percent" style="x_richedit" />
						</VerticalLayout>
						<VerticalLayout padding="15,0,15,15">
							<Text text="escape_x 編碼/解碼：" height="12" padding="0,0,0,5" />
							<RichEdit name="encdec_escape_x" style="x_richedit" readonly="true" />
						</VerticalLayout>
						<VerticalLayout padding="15,0,15,15">
							<Text text="escape_u 編碼/解碼：" height="12" padding="0,0,0,5" />
							<RichEdit name="encdec_escape_u" style="x_richedit" readonly="true" />
						</VerticalLayout>
						<VerticalLayout padding="15,0,15,15">
							<Text text="Base64 編碼/解碼：" height="12" padding="0,0,0,5" />
							<RichEdit name="encdec_base64" style="x_richedit" readonly="true" />
						</VerticalLayout>
					</VerticalLayout>
				</TabLayout>
				<!-- 单机工具 -->
				<TabLayout name="tab5">
					<!-- GIF录制 -->
					<VerticalLayout>
						<HorizontalLayout height="40">
							<Button name="gif_showwnd" text="錄製" style="x_button" padding="40,16,50,4" />
							<Edit name="gif_path" padding="10,16,0,0" style="x_edit" />
							<Button name="gif_save" text="保存" style="x_button" padding="10,15,40,0" enabled="false" />
						</HorizontalLayout>
						<Text name="gif_preview" padding="15,15,15,15" bkcolor="#33000000" text="暫無預覽" align="center" valign="vcenter" />
					</VerticalLayout>
					<!-- 串口工具 -->
					<HorizontalLayout>
						<HorizontalLayout style="x_hor_sep" width="240" minwidth="240" maxwidth="500">
							<VerticalLayout>
								<GroupBox text=" 串口配置 " textcolor="#FF000000" height="240" bordercolor="#FF555555" bordersize="1" borderround="6,6" padding="10,10,10,10">
									<HorizontalLayout>
										<Text text ="名稱" width="50" padding="0,6,10,6" />
										<Combo name="serial_name" style="x_combo" />
									</HorizontalLayout>
									<HorizontalLayout>
										<Text text ="波特率" width="50" padding="0,6,10,6" />
										<Combo name="serial_boudrate" style="x_combo" />
									</HorizontalLayout>
									<HorizontalLayout>
										<Text text ="數據位" width="50" padding="0,6,10,6" />
										<Combo name="serial_bytesize" style="x_combo" />
									</HorizontalLayout>
									<HorizontalLayout>
										<Text text ="奇偶位" width="50" padding="0,6,10,6" />
										<Combo name="serial_parity" style="x_combo" />
									</HorizontalLayout>
									<HorizontalLayout>
										<Text text ="停止位" width="50" padding="0,6,10,6" />
										<Combo name="serial_stopbits" style="x_combo" />
									</HorizontalLayout>
									<HorizontalLayout>
										<Button name="serial_btnopen" text="打開" style="x_button" padding="0,10,5,0" />
										<Button name="serial_btnclose" text="關閉" style="x_button" padding="5,10,0,0" />
									</HorizontalLayout>
								</GroupBox>
								<VerticalLayout>
									<CheckBox name="serial_hex" style="x_checkbox" text="十六進制顯示" height="15" width="110" padding="70,2,0,3" />
									<HorizontalLayout height="20" padding="0,10,0,0">
										<Text text="每隔" padding="10,4,4,4" autocalcwidth="true" />
										<Edit name="serial_repeat_mill" width="60" text="1000" numberonly="true" style="x_edit" />
										<Text text="毫秒" padding="4,4,4,4" autocalcwidth="true" />
										<CheckBox name="serial_repeat" style="x_checkbox" text="重複發送" width="90" padding="4,2,0,3" />
									</HorizontalLayout>
									<CheckBox name="serial_newline" style="x_checkbox" text="末尾自動換行" height="15" width="110" padding="70,10,0,3" />
								</VerticalLayout>
							</VerticalLayout>
						</HorizontalLayout>
						<HorizontalLayout>
							<VerticalLayout padding="0,15,15,15">
								<VerticalLayout name="serial_cnt" vscrollbar="true" inset="10,10,10,0" bkcolor="#33000000">
									<!--<Text name="serial_test" text="2333{\n}3322" textpadding="10,10,10,10" textcolor="#FF333333" bkcolor="#FFCCCCCC" autocalcwidth="true" autocalcheight="true" borderround="20,20" padding="0,0,0,10" floatalign="right" />-->
								</VerticalLayout>
								<HorizontalLayout padding="0,10,0,0" height="54">
									<RichEdit name="serial_senddata" height="54" padding="0,3,0,0" style="x_richedit" />
									<Button name="serial_btnsend" text="發送" style="x_button" padding="10,16,0,0" />
								</HorizontalLayout>
							</VerticalLayout>
						</HorizontalLayout>
					</HorizontalLayout>
					<!-- 窗口工具 -->
					<HorizontalLayout>
						<VerticalLayout padding="15,15,0,15" width="60">
							<Text text="顏色萃取" height="12" padding="0,0,0,15" />
							<Container name="window_findcolor" bkcolor="#FFFFFFFF" width="60" height="50" bkimage="file='find_color.png' dest='14,9,46,41'" isdynamic="true" />
							<Text text="窗口探測" height="12" padding="0,30,0,15" />
							<Container name="window_detector" bkcolor="#FFFFFFFF" width="60" height="50" bkimage="file='find_pos.png' dest='14,9,46,41'" isdynamic="true" />
							<Text text="放大鏡" height="12" padding="0,30,0,15" />
							<Container name="window_zoomer" bkcolor="#FFFFFFFF" width="60" height="50" bkimage="file='zoom_size.png' dest='14,9,46,41'" isdynamic="true" />
						</VerticalLayout>
						<TabLayout name="window_tab" padding="15,15,15,15">
							<VerticalLayout width="400">
								<HorizontalLayout height="24" padding="0,0,0,30">
									<Text text="當前顏色：" autocalcwidth="true" padding="0,3,0,0" />
									<Container name="window_color" width="30" height="24" bkcolor="#FFFFFFFF" />
									<Edit name="window_txt_color" style="x_edit" width="270" readonly="true" />
								</HorizontalLayout>
								<HorizontalLayout height="24" padding="0,0,0,10">
									<Text text="窗口句柄：" autocalcwidth="true" padding="0,3,0,0" />
									<Edit name="window_txt_handle" style="x_edit" width="300" readonly="true" />
								</HorizontalLayout>
								<HorizontalLayout height="24" padding="0,0,0,10">
									<Text text="窗口位置：" autocalcwidth="true" padding="0,3,0,0" />
									<Edit name="window_txt_pos" style="x_edit" width="300" readonly="true" />
								</HorizontalLayout>
								<HorizontalLayout height="24" padding="0,0,0,10">
									<Text text="窗口標題：" autocalcwidth="true" padding="0,3,0,0" />
									<Edit name="window_txt_title" style="x_edit" width="300" readonly="true" />
								</HorizontalLayout>
								<HorizontalLayout height="24" padding="0,0,0,10">
									<Text text="父窗口　：" autocalcwidth="true" padding="0,3,0,0" />
									<Edit name="window_txt_parent" style="x_edit" width="300" readonly="true" />
								</HorizontalLayout>
								<HorizontalLayout height="24" padding="0,0,0,10">
									<Text text="窗口樣式：" autocalcwidth="true" padding="0,3,0,0" />
									<Edit name="window_txt_style" style="x_edit" width="300" readonly="true" />
								</HorizontalLayout>
								<HorizontalLayout height="24" padding="0,0,0,10">
									<Text text="擴展樣式：" autocalcwidth="true" padding="0,3,0,0" />
									<Edit name="window_txt_exstyle" style="x_edit" width="300" readonly="true" />
								</HorizontalLayout>
								<HorizontalLayout height="24" padding="0,0,0,10">
									<Text text="窗口類名：" autocalcwidth="true" padding="0,3,0,0" />
									<Edit name="window_txt_wndclass" style="x_edit" width="300" readonly="true" />
								</HorizontalLayout>
							</VerticalLayout>
							<Container name="window_zoomhost" bkimage="file='color.png'" />
						</TabLayout>
					</HorizontalLayout>
					<!-- 文件工具 -->
					<VerticalLayout>
						<HorizontalLayout height="40">
							<Text text="選擇文件：" padding="40,22,0,4" autocalcwidth="true" />
							<Edit name="file_path" padding="10,16,0,0" style="x_edit" />
							<Button name="file_analysis" text="分析" style="x_button" padding="10,15,40,0" />
						</HorizontalLayout>
						<Text text="（可拖動文件至窗口實現選擇文件）" height="12" padding="110,8,0,0" />
						<HorizontalLayout>
							<RichEdit name="file_result" readonly="true" padding="15,15,15,15" style="x_richedit" />
						</HorizontalLayout>
					</VerticalLayout>
					<!-- 二维码生成 -->
					<VerticalLayout>
						<HorizontalLayout height="40">
							<Text text="二維碼內容：" padding="10,22,0,4" width="120" />
							<Edit name="qrcode_content" padding="0,16,20,0" style="x_edit" />
							<Button name="qrcode_generate" text="生成" style="x_button" padding="0,15,20,0" />
						</HorizontalLayout>
						<HorizontalLayout height="40">
							<Text text="背景路徑（可選）：" padding="10,22,0,4" width="120" />
							<Edit name="qrcode_bkimg" padding="0,16,20,0" style="x_edit" />
							<Button name="qrcode_save" text="保存" style="x_button" padding="0,15,20,0" />
						</HorizontalLayout>
						<Text name="qrcode_preview" padding="15,15,15,15" bkcolor="#33000000" text="暫無預覽" align="center" valign="vcenter" />
					</VerticalLayout>
					<!-- 屏幕录像 -->
					<VerticalLayout>
						<HorizontalLayout height="40">
							<Button name="record_begin" text="錄製" style="x_button" padding="40,16,50,4" />
							<Edit name="record_path" padding="10,16,40,0" style="x_edit" />
						</HorizontalLayout>
					</VerticalLayout>
				</TabLayout>
				<!-- 其他 -->
				<TabLayout name="tab6">
					<!-- 关于 -->
					<VerticalLayout>
						<Control />
						<VerticalLayout height="340">
							<HorizontalLayout>
								<Control />
								<VerticalLayout width="750">
									<Text padding="15,15,15,0" align="center" text="關於易大師網絡工具箱" height="12" />
									<HorizontalLayout height="20" padding="0,20,0,0">
										<Container />
										<Button showhtml="true" style="x_link" text="{u}軟件官網{/u}" width="100" name="about_home" />
										<Button showhtml="true" style="x_link" text="{u}軟件源碼{/u}" width="100" name="about_source" />
										<Container />
									</HorizontalLayout>
									<Text padding="15,140,15,0" align="center" text="*軟件授權：社區版，可免費使用。" height="12" />
									<Text padding="15,15,15,0" align="center" text="意見反饋：f@fawdlstty.com" height="12" />
									<!--<Button name="btn_join" cursor="hand" text="点击链接加入群聊【易大师网络工具箱交流群】（943497747）" width="340" textcolor="#FF0000FF" hottextcolor="#FF8080FF" height="14" />-->
								</VerticalLayout>
								<Control />
							</HorizontalLayout>
						</VerticalLayout>
						<Control />
					</VerticalLayout>
					<!-- 赞助：比特币3QBMQLijcfskGYa48pmUvKsK6rHwiPY2No -->
				</TabLayout>
			</TabLayout>
			<!-- 状态栏区域 -->
			<HorizontalLayout height="30px" inset="10,7,0,2">
				<HanAnim name="img_status" width="16" height="16" bkimage="file='status_small.png' source='16,0,32,16'" />
				<Text name="text_status" text="就緒。" padding="10,1,10,8" textcolor="#FF000000" />
				<!--<Button name="btn_blog" style="x_link" padding="10,1,10,8" text="Fawdlstty 的个人博客" width="140" />-->
			</HorizontalLayout>
		</VerticalLayout>
	</HorizontalLayout>
</Window>
