﻿<?xml version="1.0" encoding="utf-8"?>
<Window showshadow="true">
	<Font name="微软雅黑" size="12" bold="false" default="true" />
	<Font shared="true" id="30" name="微软雅黑" size="14" />
	<Default name="Menu" shared="true" value="itemfont=&quot;30&quot; bordersize=&quot;1&quot; borderround=&quot;2,2&quot; bordercolor=&quot;0x303132&quot; inset=&quot;2,2,2,2&quot; itemtextpadding=&quot;30,0,0,0&quot; bkimage=&quot;file='menu_bk.png' corner='26,2,2,2' source='6,6,44,24'&quot; itemhottextcolor=&quot;0xFFFF0000&quot; itemselectedbkcolor=&quot;0xFF338ACA&quot;" />
	<Default name="ExplandIcon" shared="true" value="menu_expand.png" />
	<Menu>
		<MenuElement name="menu_localnet_kill" text="结束进程" />
		<MenuElement name="menu_localnet_show" text="打开程序位置" />
	</Menu>
</Window>
