﻿<?xml version="1.0" encoding="utf-8"?>
<Res>
	<Xml id="XML_MAIN" path="main.xml"/>
	<Xml id="XML_FINDCOLOR" path="cur_findcolor.xml"/>
	<Xml id="XML_SCR2GIF" path="scr2gif.xml"/>
	<Xml id="XML_LOCALNET" path="menu_localnet.xml"/>
	<Xml id="XML_MAIN_CN" path="main_zh_hans.xml"/>
	<Xml id="XML_FINDCOLOR_CN" path="cur_findcolor_zh_hans.xml"/>
	<Xml id="XML_SCR2GIF_CN" path="scr2gif_zh_hans.xml"/>
	<Xml id="XML_LOCALNET_CN" path="menu_localnet_zh_hans.xml"/>
	<Xml id="XML_MAIN_TW" path="main_zh_hant.xml"/>
	<Xml id="XML_FINDCOLOR_TW" path="cur_findcolor_zh_hant.xml"/>
	<Xml id="XML_SCR2GIF_TW" path="scr2gif_zh_hant.xml"/>
	<Xml id="XML_LOCALNET_TW" path="menu_localnet_zh_hant.xml"/>
</Res>
