﻿<?xml version="1.0" encoding="utf-8"?>
<Window size="524,373" mininfo="248,74" sizebox="5,5,5,5" caption="0,0,0,-1" bktrans="true"><!-- + 24 x 64 -->
	<Font id="0" name="宋體" size="12" default="true"/>
	<VerticalLayout bordercolor="#FF666666" bordersize="1" inset="1,1,1,1">
		<!-- header -->
		<HorizontalLayout height="30" bkcolor="#FFDDDDDD">
			<Text padding="10,9,10,9" text="GIF錄製" />
			<Container />
			<Button name="gifw_cancel" width="46" normalimage="file='CtrlButton.png' source='0,90,46,120'" hotimage="file='CtrlButton.png' source='46,90,92,120'" pushedimage="file='CtrlButton.png' source='92,90,137,120'" />
		</HorizontalLayout>
		<!-- body -->
		<HorizontalLayout>
			<Container width="10" bkcolor="#FFDDDDDD" />
			<Container bordercolor="#FF666666" bordersize="1" />
			<Container width="10" bkcolor="#FFDDDDDD" />
		</HorizontalLayout>
		<!-- footer -->
		<HorizontalLayout height="30" bkcolor="#FFDDDDDD">
			<Edit name="gifw_fps" width="40" padding="5,5,5,5" text="20" />
			<Text width="30" padding="0,9,5,9" text="fps" />
			<Edit name="gifw_width" width="40" padding="10,5,0,5" text="500" />
			<Text width="20" padding="5,9,5,9" text="×" />
			<Edit name="gifw_height" width="40" padding="0,5,10,5" text="309" />
			<Container />
			<Button name="gifw_start" width="16" height="16" borderround="16,16" padding="7,7,7,7" bkcolor="#FF00BB00" />
			<Button name="gifw_stop" width="16" height="16" borderround="16,16" padding="7,7,7,7" bkcolor="#FFBB0000" visible="false" />
			<Button name="gifw_ok" text="確定" width="40" textcolor="#FF0000FF" padding="5,5,5,5" enabled="false" />
		</HorizontalLayout>
	</VerticalLayout>
</Window>
